"countryyear","money_invested"
"2005 Ghana",0
"2006 Ghana",0
"2007 Ghana",800
"2008 Ghana",0
"2009 Ghana",0
"2010 Ghana",1490
"2011 Ghana",370
"2012 Ghana",1740
"2013 Ghana",390
"2014 Ghana",720
"2015 Ghana",1490
"2016 Ghana",480
"2017 Ghana",0
"2018 Ghana",200
"2019 Ghana",1560
"2020 Ghana",1110
"2021 Ghana",700
"2022 Ghana",200
"2005 Jamaica",0
"2006 Jamaica",0
"2007 Jamaica",0
"2008 Jamaica",0
"2009 Jamaica",0
"2010 Jamaica",540
"2011 Jamaica",0
"2012 Jamaica",0
"2013 Jamaica",0
"2014 Jamaica",730
"2015 Jamaica",0
"2016 Jamaica",650
"2017 Jamaica",760
"2018 Jamaica",0
"2019 Jamaica",0
"2020 Jamaica",0
"2021 Jamaica",280
"2022 Jamaica",200
"2005 Philippines",0
"2006 Philippines",0
"2007 Philippines",0
"2008 Philippines",1580
"2009 Philippines",690
"2010 Philippines",600
"2011 Philippines",0
"2012 Philippines",350
"2013 Philippines",600
"2014 Philippines",1210
"2015 Philippines",0
"2016 Philippines",870
"2017 Philippines",1970
"2018 Philippines",1200
"2019 Philippines",6220
"2020 Philippines",1450
"2021 Philippines",1430
"2022 Philippines",3320
"2005 Papua New Guinea",670
"2006 Papua New Guinea",0
"2007 Papua New Guinea",0
"2008 Papua New Guinea",0
"2009 Papua New Guinea",0
"2010 Papua New Guinea",0
"2011 Papua New Guinea",0
"2012 Papua New Guinea",1380
"2013 Papua New Guinea",410
"2014 Papua New Guinea",250
"2015 Papua New Guinea",400
"2016 Papua New Guinea",310
"2017 Papua New Guinea",1710
"2018 Papua New Guinea",200
"2019 Papua New Guinea",310
"2020 Papua New Guinea",0
"2021 Papua New Guinea",0
"2022 Papua New Guinea",140
"2005 Indonesia",1060
"2006 Indonesia",1310
"2007 Indonesia",2480
"2008 Indonesia",1260
"2009 Indonesia",230
"2010 Indonesia",830
"2011 Indonesia",3700
"2012 Indonesia",3750
"2013 Indonesia",1980
"2014 Indonesia",4970
"2015 Indonesia",6060
"2016 Indonesia",4260
"2017 Indonesia",3440
"2018 Indonesia",6040
"2019 Indonesia",7080
"2020 Indonesia",5400
"2021 Indonesia",4640
"2022 Indonesia",1280
"2005 South Africa",0
"2006 South Africa",230
"2007 South Africa",5600
"2008 South Africa",0
"2009 South Africa",0
"2010 South Africa",830
"2011 South Africa",2330
"2012 South Africa",480
"2013 South Africa",110
"2014 South Africa",230
"2015 South Africa",490
"2016 South Africa",520
"2017 South Africa",1230
"2018 South Africa",1630
"2019 South Africa",0
"2020 South Africa",0
"2021 South Africa",700
"2022 South Africa",110
"2005 Kenya",0
"2006 Kenya",0
"2007 Kenya",0
"2008 Kenya",0
"2009 Kenya",0
"2010 Kenya",320
"2011 Kenya",350
"2012 Kenya",6570
"2013 Kenya",290
"2014 Kenya",580
"2015 Kenya",540
"2016 Kenya",1780
"2017 Kenya",3100
"2018 Kenya",1430
"2019 Kenya",980
"2020 Kenya",140
"2021 Kenya",170
"2022 Kenya",360
"2005 Tajikistan",0
"2006 Tajikistan",700
"2007 Tajikistan",0
"2008 Tajikistan",0
"2009 Tajikistan",260
"2010 Tajikistan",0
"2011 Tajikistan",0
"2012 Tajikistan",870
"2013 Tajikistan",0
"2014 Tajikistan",0
"2015 Tajikistan",0
"2016 Tajikistan",170
"2017 Tajikistan",0
"2018 Tajikistan",0
"2019 Tajikistan",540
"2020 Tajikistan",310
"2021 Tajikistan",0
"2022 Tajikistan",280
"2005 Bangladesh",0
"2006 Bangladesh",0
"2007 Bangladesh",0
"2008 Bangladesh",0
"2009 Bangladesh",170
"2010 Bangladesh",650
"2011 Bangladesh",790
"2012 Bangladesh",800
"2013 Bangladesh",1360
"2014 Bangladesh",190
"2015 Bangladesh",3810
"2016 Bangladesh",4630
"2017 Bangladesh",640
"2018 Bangladesh",7590
"2019 Bangladesh",4950
"2020 Bangladesh",1850
"2021 Bangladesh",1310
"2022 Bangladesh",1270
"2005 Zimbabwe",0
"2006 Zimbabwe",0
"2007 Zimbabwe",100
"2008 Zimbabwe",0
"2009 Zimbabwe",0
"2010 Zimbabwe",400
"2011 Zimbabwe",600
"2012 Zimbabwe",200
"2013 Zimbabwe",390
"2014 Zimbabwe",780
"2015 Zimbabwe",3130
"2016 Zimbabwe",0
"2017 Zimbabwe",150
"2018 Zimbabwe",2850
"2019 Zimbabwe",440
"2020 Zimbabwe",630
"2021 Zimbabwe",1610
"2022 Zimbabwe",680
"2005 Spain",0
"2006 Spain",0
"2007 Spain",0
"2008 Spain",0
"2009 Spain",1000
"2010 Spain",0
"2011 Spain",500
"2012 Spain",0
"2013 Spain",550
"2014 Spain",540
"2015 Spain",850
"2016 Spain",2040
"2017 Spain",390
"2018 Spain",1260
"2019 Spain",280
"2020 Spain",610
"2021 Spain",940
"2022 Spain",810
"2005 India",0
"2006 India",1500
"2007 India",5080
"2008 India",3070
"2009 India",1360
"2010 India",1850
"2011 India",300
"2012 India",310
"2013 India",2700
"2014 India",540
"2015 India",1970
"2016 India",1210
"2017 India",2550
"2018 India",4180
"2019 India",7800
"2020 India",240
"2021 India",0
"2022 India",260
"2005 Myanmar",130
"2006 Myanmar",0
"2007 Myanmar",0
"2008 Myanmar",810
"2009 Myanmar",1450
"2010 Myanmar",1580
"2011 Myanmar",210
"2012 Myanmar",0
"2013 Myanmar",300
"2014 Myanmar",370
"2015 Myanmar",0
"2016 Myanmar",2650
"2017 Myanmar",130
"2018 Myanmar",1610
"2019 Myanmar",360
"2020 Myanmar",280
"2021 Myanmar",170
"2022 Myanmar",150
"2005 Thailand",0
"2006 Thailand",0
"2007 Thailand",0
"2008 Thailand",0
"2009 Thailand",530
"2010 Thailand",670
"2011 Thailand",100
"2012 Thailand",370
"2013 Thailand",110
"2014 Thailand",1000
"2015 Thailand",1430
"2016 Thailand",1140
"2017 Thailand",590
"2018 Thailand",1470
"2019 Thailand",710
"2020 Thailand",2140
"2021 Thailand",760
"2022 Thailand",640
"2005 Algeria",600
"2006 Algeria",6510
"2007 Algeria",0
"2008 Algeria",920
"2009 Algeria",3010
"2010 Algeria",0
"2011 Algeria",1650
"2012 Algeria",2870
"2013 Algeria",2350
"2014 Algeria",2260
"2015 Algeria",410
"2016 Algeria",3350
"2017 Algeria",0
"2018 Algeria",130
"2019 Algeria",560
"2020 Algeria",120
"2021 Algeria",0
"2022 Algeria",2230
"2005 Pakistan",860
"2006 Pakistan",1040
"2007 Pakistan",710
"2008 Pakistan",440
"2009 Pakistan",1430
"2010 Pakistan",3400
"2011 Pakistan",3340
"2012 Pakistan",1200
"2013 Pakistan",660
"2014 Pakistan",3450
"2015 Pakistan",22140
"2016 Pakistan",6930
"2017 Pakistan",6920
"2018 Pakistan",3610
"2019 Pakistan",4800
"2020 Pakistan",3290
"2021 Pakistan",1360
"2022 Pakistan",590
"2005 Rwanda",0
"2006 Rwanda",0
"2007 Rwanda",0
"2008 Rwanda",0
"2009 Rwanda",0
"2010 Rwanda",0
"2011 Rwanda",0
"2012 Rwanda",120
"2013 Rwanda",0
"2014 Rwanda",0
"2015 Rwanda",460
"2016 Rwanda",0
"2017 Rwanda",250
"2018 Rwanda",130
"2019 Rwanda",0
"2020 Rwanda",0
"2021 Rwanda",0
"2022 Rwanda",210
"2005 Guinea",0
"2006 Guinea",0
"2007 Guinea",0
"2008 Guinea",0
"2009 Guinea",0
"2010 Guinea",0
"2011 Guinea",450
"2012 Guinea",1350
"2013 Guinea",450
"2014 Guinea",2510
"2015 Guinea",1620
"2016 Guinea",770
"2017 Guinea",0
"2018 Guinea",1000
"2019 Guinea",2880
"2020 Guinea",1100
"2021 Guinea",2090
"2022 Guinea",190
"2005 Laos",120
"2006 Laos",140
"2007 Laos",370
"2008 Laos",0
"2009 Laos",210
"2010 Laos",4650
"2011 Laos",0
"2012 Laos",1360
"2013 Laos",1330
"2014 Laos",290
"2015 Laos",3680
"2016 Laos",5930
"2017 Laos",1100
"2018 Laos",7420
"2019 Laos",350
"2020 Laos",2860
"2021 Laos",0
"2022 Laos",410
"2005 Guyana",0
"2006 Guyana",0
"2007 Guyana",0
"2008 Guyana",0
"2009 Guyana",170
"2010 Guyana",0
"2011 Guyana",140
"2012 Guyana",610
"2013 Guyana",0
"2014 Guyana",0
"2015 Guyana",0
"2016 Guyana",0
"2017 Guyana",0
"2018 Guyana",930
"2019 Guyana",400
"2020 Guyana",240
"2021 Guyana",260
"2022 Guyana",260
"2005 Saudi Arabia",1100
"2006 Saudi Arabia",0
"2007 Saudi Arabia",2770
"2008 Saudi Arabia",1170
"2009 Saudi Arabia",4230
"2010 Saudi Arabia",340
"2011 Saudi Arabia",4320
"2012 Saudi Arabia",1830
"2013 Saudi Arabia",4570
"2014 Saudi Arabia",2970
"2015 Saudi Arabia",3310
"2016 Saudi Arabia",1250
"2017 Saudi Arabia",1720
"2018 Saudi Arabia",4710
"2019 Saudi Arabia",5390
"2020 Saudi Arabia",1650
"2021 Saudi Arabia",2690
"2022 Saudi Arabia",5550
"2005 Finland",0
"2006 Finland",0
"2007 Finland",0
"2008 Finland",0
"2009 Finland",0
"2010 Finland",0
"2011 Finland",0
"2012 Finland",0
"2013 Finland",0
"2014 Finland",0
"2015 Finland",0
"2016 Finland",8790
"2017 Finland",850
"2018 Finland",610
"2019 Finland",5420
"2020 Finland",0
"2021 Finland",660
"2022 Finland",560
"2005 Chile",0
"2006 Chile",0
"2007 Chile",0
"2008 Chile",0
"2009 Chile",0
"2010 Chile",1910
"2011 Chile",0
"2012 Chile",190
"2013 Chile",0
"2014 Chile",0
"2015 Chile",0
"2016 Chile",350
"2017 Chile",0
"2018 Chile",6440
"2019 Chile",2330
"2020 Chile",3190
"2021 Chile",1240
"2022 Chile",1630
"2005 Cameroon",0
"2006 Cameroon",0
"2007 Cameroon",0
"2008 Cameroon",0
"2009 Cameroon",500
"2010 Cameroon",2310
"2011 Cameroon",1100
"2012 Cameroon",1270
"2013 Cameroon",900
"2014 Cameroon",0
"2015 Cameroon",2160
"2016 Cameroon",420
"2017 Cameroon",520
"2018 Cameroon",890
"2019 Cameroon",0
"2020 Cameroon",0
"2021 Cameroon",0
"2022 Cameroon",680
"2005 South Korea",0
"2006 South Korea",0
"2007 South Korea",0
"2008 South Korea",0
"2009 South Korea",0
"2010 South Korea",1090
"2011 South Korea",0
"2012 South Korea",900
"2013 South Korea",1110
"2014 South Korea",1600
"2015 South Korea",1440
"2016 South Korea",680
"2017 South Korea",2400
"2018 South Korea",1210
"2019 South Korea",0
"2020 South Korea",760
"2021 South Korea",0
"2022 South Korea",200
"2005 Canada",250
"2006 Canada",110
"2007 Canada",0
"2008 Canada",0
"2009 Canada",3480
"2010 Canada",7080
"2011 Canada",5430
"2012 Canada",21570
"2013 Canada",600
"2014 Canada",3720
"2015 Canada",1340
"2016 Canada",2750
"2017 Canada",2610
"2018 Canada",5400
"2019 Canada",2890
"2020 Canada",150
"2021 Canada",1070
"2022 Canada",320
"2005 Tanzania",0
"2006 Tanzania",0
"2007 Tanzania",160
"2008 Tanzania",0
"2009 Tanzania",160
"2010 Tanzania",0
"2011 Tanzania",940
"2012 Tanzania",140
"2013 Tanzania",1430
"2014 Tanzania",1870
"2015 Tanzania",1400
"2016 Tanzania",0
"2017 Tanzania",150
"2018 Tanzania",850
"2019 Tanzania",2810
"2020 Tanzania",100
"2021 Tanzania",2110
"2022 Tanzania",190
"2005 Qatar",100
"2006 Qatar",540
"2007 Qatar",0
"2008 Qatar",140
"2009 Qatar",740
"2010 Qatar",0
"2011 Qatar",1850
"2012 Qatar",0
"2013 Qatar",600
"2014 Qatar",560
"2015 Qatar",1180
"2016 Qatar",1110
"2017 Qatar",0
"2018 Qatar",230
"2019 Qatar",0
"2020 Qatar",750
"2021 Qatar",0
"2022 Qatar",200
"2005 Australia",320
"2006 Australia",2920
"2007 Australia",2180
"2008 Australia",16250
"2009 Australia",10990
"2010 Australia",4970
"2011 Australia",10380
"2012 Australia",9230
"2013 Australia",8870
"2014 Australia",10060
"2015 Australia",11430
"2016 Australia",8150
"2017 Australia",10420
"2018 Australia",7040
"2019 Australia",4280
"2020 Australia",4300
"2021 Australia",1280
"2022 Australia",1200
"2005 Cambodia",280
"2006 Cambodia",0
"2007 Cambodia",0
"2008 Cambodia",2720
"2009 Cambodia",320
"2010 Cambodia",1260
"2011 Cambodia",500
"2012 Cambodia",360
"2013 Cambodia",660
"2014 Cambodia",0
"2015 Cambodia",510
"2016 Cambodia",700
"2017 Cambodia",1420
"2018 Cambodia",3100
"2019 Cambodia",3220
"2020 Cambodia",3370
"2021 Cambodia",400
"2022 Cambodia",410
"2005 Mexico",0
"2006 Mexico",0
"2007 Mexico",100
"2008 Mexico",210
"2009 Mexico",0
"2010 Mexico",0
"2011 Mexico",220
"2012 Mexico",0
"2013 Mexico",280
"2014 Mexico",0
"2015 Mexico",400
"2016 Mexico",1410
"2017 Mexico",110
"2018 Mexico",0
"2019 Mexico",610
"2020 Mexico",1270
"2021 Mexico",830
"2022 Mexico",150
"2005 Sweden",0
"2006 Sweden",0
"2007 Sweden",0
"2008 Sweden",0
"2009 Sweden",0
"2010 Sweden",2700
"2011 Sweden",0
"2012 Sweden",0
"2013 Sweden",0
"2014 Sweden",0
"2015 Sweden",2590
"2016 Sweden",0
"2017 Sweden",1390
"2018 Sweden",6170
"2019 Sweden",1820
"2020 Sweden",380
"2021 Sweden",400
"2022 Sweden",100
"2005 UK",0
"2006 UK",0
"2007 UK",0
"2008 UK",0
"2009 UK",0
"2010 UK",0
"2011 UK",0
"2012 UK",0
"2013 UK",0
"2014 UK",0
"2015 UK",0
"2016 UK",0
"2017 UK",0
"2018 UK",0
"2019 UK",0
"2020 UK",0
"2021 UK",0
"2022 UK",0
"2005 Turkey",1270
"2006 Turkey",0
"2007 Turkey",610
"2008 Turkey",870
"2009 Turkey",440
"2010 Turkey",1140
"2011 Turkey",640
"2012 Turkey",850
"2013 Turkey",4180
"2014 Turkey",320
"2015 Turkey",1560
"2016 Turkey",870
"2017 Turkey",1090
"2018 Turkey",0
"2019 Turkey",1430
"2020 Turkey",0
"2021 Turkey",350
"2022 Turkey",160
"2005 Democratic Republic of the Congo",0
"2006 Democratic Republic of the Congo",2000
"2007 Democratic Republic of the Congo",0
"2008 Democratic Republic of the Congo",2640
"2009 Democratic Republic of the Congo",0
"2010 Democratic Republic of the Congo",0
"2011 Democratic Republic of the Congo",1820
"2012 Democratic Republic of the Congo",270
"2013 Democratic Republic of the Congo",170
"2014 Democratic Republic of the Congo",600
"2015 Democratic Republic of the Congo",980
"2016 Democratic Republic of the Congo",3960
"2017 Democratic Republic of the Congo",1690
"2018 Democratic Republic of the Congo",310
"2019 Democratic Republic of the Congo",850
"2020 Democratic Republic of the Congo",790
"2021 Democratic Republic of the Congo",3160
"2022 Democratic Republic of the Congo",740
"2005 Vietnam",0
"2006 Vietnam",760
"2007 Vietnam",0
"2008 Vietnam",1520
"2009 Vietnam",2760
"2010 Vietnam",3910
"2011 Vietnam",3680
"2012 Vietnam",2690
"2013 Vietnam",1240
"2014 Vietnam",210
"2015 Vietnam",3520
"2016 Vietnam",0
"2017 Vietnam",1500
"2018 Vietnam",1190
"2019 Vietnam",1190
"2020 Vietnam",4410
"2021 Vietnam",1570
"2022 Vietnam",170
"2005 Serbia",0
"2006 Serbia",0
"2007 Serbia",0
"2008 Serbia",0
"2009 Serbia",0
"2010 Serbia",600
"2011 Serbia",0
"2012 Serbia",0
"2013 Serbia",330
"2014 Serbia",970
"2015 Serbia",0
"2016 Serbia",520
"2017 Serbia",1270
"2018 Serbia",2260
"2019 Serbia",850
"2020 Serbia",1250
"2021 Serbia",7190
"2022 Serbia",1910
"2005 Ecuador",1790
"2006 Ecuador",0
"2007 Ecuador",0
"2008 Ecuador",0
"2009 Ecuador",0
"2010 Ecuador",4480
"2011 Ecuador",800
"2012 Ecuador",0
"2013 Ecuador",1240
"2014 Ecuador",2420
"2015 Ecuador",950
"2016 Ecuador",310
"2017 Ecuador",0
"2018 Ecuador",1070
"2019 Ecuador",420
"2020 Ecuador",0
"2021 Ecuador",130
"2022 Ecuador",230
"2005 France",0
"2006 France",480
"2007 France",700
"2008 France",2800
"2009 France",0
"2010 France",0
"2011 France",3750
"2012 France",610
"2013 France",890
"2014 France",3090
"2015 France",2820
"2016 France",2430
"2017 France",1350
"2018 France",4870
"2019 France",4700
"2020 France",4440
"2021 France",1080
"2022 France",470
"2005 Uzbekistan",0
"2006 Uzbekistan",0
"2007 Uzbekistan",990
"2008 Uzbekistan",0
"2009 Uzbekistan",0
"2010 Uzbekistan",290
"2011 Uzbekistan",0
"2012 Uzbekistan",2270
"2013 Uzbekistan",460
"2014 Uzbekistan",890
"2015 Uzbekistan",0
"2016 Uzbekistan",150
"2017 Uzbekistan",570
"2018 Uzbekistan",200
"2019 Uzbekistan",630
"2020 Uzbekistan",420
"2021 Uzbekistan",1390
"2022 Uzbekistan",270
"2005 Kazakhstan",4500
"2006 Kazakhstan",1910
"2007 Kazakhstan",1310
"2008 Kazakhstan",420
"2009 Kazakhstan",3540
"2010 Kazakhstan",2260
"2011 Kazakhstan",850
"2012 Kazakhstan",2100
"2013 Kazakhstan",5300
"2014 Kazakhstan",3220
"2015 Kazakhstan",2620
"2016 Kazakhstan",350
"2017 Kazakhstan",3100
"2018 Kazakhstan",420
"2019 Kazakhstan",1850
"2020 Kazakhstan",320
"2021 Kazakhstan",1050
"2022 Kazakhstan",270
"2005 Niger",0
"2006 Niger",0
"2007 Niger",160
"2008 Niger",190
"2009 Niger",0
"2010 Niger",4990
"2011 Niger",270
"2012 Niger",0
"2013 Niger",130
"2014 Niger",0
"2015 Niger",140
"2016 Niger",0
"2017 Niger",0
"2018 Niger",0
"2019 Niger",1480
"2020 Niger",110
"2021 Niger",0
"2022 Niger",110
"2005 Burkina Faso",0
"2006 Burkina Faso",0
"2007 Burkina Faso",0
"2008 Burkina Faso",0
"2009 Burkina Faso",0
"2010 Burkina Faso",0
"2011 Burkina Faso",0
"2012 Burkina Faso",0
"2013 Burkina Faso",0
"2014 Burkina Faso",0
"2015 Burkina Faso",0
"2016 Burkina Faso",0
"2017 Burkina Faso",0
"2018 Burkina Faso",0
"2019 Burkina Faso",0
"2020 Burkina Faso",0
"2021 Burkina Faso",140
"2022 Burkina Faso",110
"2005 Benin",0
"2006 Benin",0
"2007 Benin",0
"2008 Benin",0
"2009 Benin",0
"2010 Benin",0
"2011 Benin",0
"2012 Benin",240
"2013 Benin",0
"2014 Benin",640
"2015 Benin",160
"2016 Benin",0
"2017 Benin",0
"2018 Benin",0
"2019 Benin",690
"2020 Benin",0
"2021 Benin",110
"2022 Benin",110
"2005 Singapore",0
"2006 Singapore",970
"2007 Singapore",0
"2008 Singapore",4400
"2009 Singapore",2670
"2010 Singapore",320
"2011 Singapore",1840
"2012 Singapore",400
"2013 Singapore",1640
"2014 Singapore",1800
"2015 Singapore",4580
"2016 Singapore",4310
"2017 Singapore",14680
"2018 Singapore",3110
"2019 Singapore",6600
"2020 Singapore",2020
"2021 Singapore",2970
"2022 Singapore",420
"2005 Iraq",0
"2006 Iraq",0
"2007 Iraq",1080
"2008 Iraq",0
"2009 Iraq",8580
"2010 Iraq",360
"2011 Iraq",1180
"2012 Iraq",2010
"2013 Iraq",2130
"2014 Iraq",1220
"2015 Iraq",670
"2016 Iraq",1800
"2017 Iraq",450
"2018 Iraq",1830
"2019 Iraq",3250
"2020 Iraq",380
"2021 Iraq",4630
"2022 Iraq",2070
"2005 Uganda",0
"2006 Uganda",0
"2007 Uganda",0
"2008 Uganda",0
"2009 Uganda",0
"2010 Uganda",0
"2011 Uganda",0
"2012 Uganda",580
"2013 Uganda",3970
"2014 Uganda",920
"2015 Uganda",0
"2016 Uganda",200
"2017 Uganda",500
"2018 Uganda",110
"2019 Uganda",430
"2020 Uganda",280
"2021 Uganda",200
"2022 Uganda",610
"2005 USA",1740
"2006 USA",0
"2007 USA",8400
"2008 USA",4970
"2009 USA",8710
"2010 USA",8820
"2011 USA",2280
"2012 USA",9080
"2013 USA",16250
"2014 USA",17830
"2015 USA",18780
"2016 USA",53580
"2017 USA",23750
"2018 USA",11190
"2019 USA",5000
"2020 USA",2300
"2021 USA",1670
"2022 USA",360
"2005 Germany",0
"2006 Germany",0
"2007 Germany",130
"2008 Germany",140
"2009 Germany",0
"2010 Germany",0
"2011 Germany",2040
"2012 Germany",2700
"2013 Germany",800
"2014 Germany",1620
"2015 Germany",1690
"2016 Germany",12580
"2017 Germany",7560
"2018 Germany",12650
"2019 Germany",6510
"2020 Germany",420
"2021 Germany",2550
"2022 Germany",590
"2005 Argentina",0
"2006 Argentina",0
"2007 Argentina",0
"2008 Argentina",0
"2009 Argentina",0
"2010 Argentina",5680
"2011 Argentina",1280
"2012 Argentina",0
"2013 Argentina",2590
"2014 Argentina",350
"2015 Argentina",600
"2016 Argentina",680
"2017 Argentina",5480
"2018 Argentina",2340
"2019 Argentina",1510
"2020 Argentina",1000
"2021 Argentina",800
"2022 Argentina",380
"2005 Morocco",0
"2006 Morocco",0
"2007 Morocco",0
"2008 Morocco",260
"2009 Morocco",0
"2010 Morocco",420
"2011 Morocco",0
"2012 Morocco",0
"2013 Morocco",360
"2014 Morocco",0
"2015 Morocco",0
"2016 Morocco",0
"2017 Morocco",870
"2018 Morocco",0
"2019 Morocco",190
"2020 Morocco",0
"2021 Morocco",0
"2022 Morocco",200
"2005 Bosnia",0
"2006 Bosnia",0
"2007 Bosnia",0
"2008 Bosnia",0
"2009 Bosnia",0
"2010 Bosnia",710
"2011 Bosnia",0
"2012 Bosnia",0
"2013 Bosnia",280
"2014 Bosnia",0
"2015 Bosnia",0
"2016 Bosnia",0
"2017 Bosnia",0
"2018 Bosnia",0
"2019 Bosnia",450
"2020 Bosnia",230
"2021 Bosnia",570
"2022 Bosnia",220
"2005 Brazil",670
"2006 Brazil",1630
"2007 Brazil",0
"2008 Brazil",110
"2009 Brazil",1000
"2010 Brazil",13490
"2011 Brazil",8220
"2012 Brazil",2300
"2013 Brazil",3020
"2014 Brazil",2550
"2015 Brazil",5520
"2016 Brazil",14120
"2017 Brazil",8670
"2018 Brazil",2090
"2019 Brazil",2710
"2020 Brazil",1880
"2021 Brazil",5770
"2022 Brazil",120
"2005 Malaysia",0
"2006 Malaysia",0
"2007 Malaysia",0
"2008 Malaysia",1830
"2009 Malaysia",0
"2010 Malaysia",2160
"2011 Malaysia",3090
"2012 Malaysia",3560
"2013 Malaysia",5130
"2014 Malaysia",2150
"2015 Malaysia",7930
"2016 Malaysia",4240
"2017 Malaysia",3970
"2018 Malaysia",6250
"2019 Malaysia",1890
"2020 Malaysia",460
"2021 Malaysia",300
"2022 Malaysia",310
"2005 UAE",0
"2006 UAE",300
"2007 UAE",650
"2008 UAE",3550
"2009 UAE",670
"2010 UAE",130
"2011 UAE",450
"2012 UAE",1150
"2013 UAE",730
"2014 UAE",640
"2015 UAE",760
"2016 UAE",4480
"2017 UAE",7970
"2018 UAE",8010
"2019 UAE",4320
"2020 UAE",3030
"2021 UAE",0
"2022 UAE",170
"2005 Nigeria",0
"2006 Nigeria",2380
"2007 Nigeria",690
"2008 Nigeria",3430
"2009 Nigeria",0
"2010 Nigeria",740
"2011 Nigeria",870
"2012 Nigeria",3730
"2013 Nigeria",3960
"2014 Nigeria",1890
"2015 Nigeria",970
"2016 Nigeria",2370
"2017 Nigeria",3370
"2018 Nigeria",3130
"2019 Nigeria",6060
"2020 Nigeria",2450
"2021 Nigeria",2280
"2022 Nigeria",0
"2005 Russia",0
"2006 Russia",0
"2007 Russia",0
"2008 Russia",0
"2009 Russia",0
"2010 Russia",0
"2011 Russia",0
"2012 Russia",0
"2013 Russia",0
"2014 Russia",0
"2015 Russia",0
"2016 Russia",0
"2017 Russia",0
"2018 Russia",0
"2019 Russia",0
"2020 Russia",0
"2021 Russia",0
"2022 Russia",0
"2005 Angola",210
"2006 Angola",740
"2007 Angola",1950
"2008 Angola",3240
"2009 Angola",1430
"2010 Angola",0
"2011 Angola",5460
"2012 Angola",900
"2013 Angola",2120
"2014 Angola",1890
"2015 Angola",610
"2016 Angola",3140
"2017 Angola",4660
"2018 Angola",0
"2019 Angola",500
"2020 Angola",0
"2021 Angola",310
"2022 Angola",0
"2005 Ireland",0
"2006 Ireland",0
"2007 Ireland",0
"2008 Ireland",0
"2009 Ireland",0
"2010 Ireland",0
"2011 Ireland",0
"2012 Ireland",0
"2013 Ireland",0
"2014 Ireland",0
"2015 Ireland",5170
"2016 Ireland",1630
"2017 Ireland",0
"2018 Ireland",390
"2019 Ireland",240
"2020 Ireland",0
"2021 Ireland",500
"2022 Ireland",0
"2005 Nepal",0
"2006 Nepal",0
"2007 Nepal",0
"2008 Nepal",0
"2009 Nepal",0
"2010 Nepal",180
"2011 Nepal",140
"2012 Nepal",0
"2013 Nepal",130
"2014 Nepal",320
"2015 Nepal",650
"2016 Nepal",0
"2017 Nepal",350
"2018 Nepal",610
"2019 Nepal",320
"2020 Nepal",130
"2021 Nepal",650
"2022 Nepal",0
"2005 Israel",0
"2006 Israel",0
"2007 Israel",0
"2008 Israel",0
"2009 Israel",0
"2010 Israel",1440
"2011 Israel",0
"2012 Israel",140
"2013 Israel",240
"2014 Israel",2610
"2015 Israel",100
"2016 Israel",6210
"2017 Israel",340
"2018 Israel",810
"2019 Israel",780
"2020 Israel",110
"2021 Israel",2000
"2022 Israel",0
"2005 Mongolia",200
"2006 Mongolia",0
"2007 Mongolia",0
"2008 Mongolia",150
"2009 Mongolia",870
"2010 Mongolia",0
"2011 Mongolia",1010
"2012 Mongolia",0
"2013 Mongolia",0
"2014 Mongolia",220
"2015 Mongolia",3440
"2016 Mongolia",100
"2017 Mongolia",220
"2018 Mongolia",320
"2019 Mongolia",1220
"2020 Mongolia",0
"2021 Mongolia",450
"2022 Mongolia",0
"2005 Kuwait",0
"2006 Kuwait",0
"2007 Kuwait",840
"2008 Kuwait",0
"2009 Kuwait",510
"2010 Kuwait",570
"2011 Kuwait",260
"2012 Kuwait",510
"2013 Kuwait",0
"2014 Kuwait",240
"2015 Kuwait",2270
"2016 Kuwait",1830
"2017 Kuwait",1330
"2018 Kuwait",2070
"2019 Kuwait",220
"2020 Kuwait",100
"2021 Kuwait",1000
"2022 Kuwait",0
"2005 Peru",0
"2006 Peru",0
"2007 Peru",1430
"2008 Peru",2160
"2009 Peru",1090
"2010 Peru",210
"2011 Peru",0
"2012 Peru",900
"2013 Peru",2890
"2014 Peru",6950
"2015 Peru",0
"2016 Peru",0
"2017 Peru",830
"2018 Peru",5420
"2019 Peru",3930
"2020 Peru",900
"2021 Peru",1570
"2022 Peru",0
"2005 Hungary",0
"2006 Hungary",0
"2007 Hungary",170
"2008 Hungary",0
"2009 Hungary",0
"2010 Hungary",190
"2011 Hungary",1920
"2012 Hungary",1200
"2013 Hungary",0
"2014 Hungary",0
"2015 Hungary",0
"2016 Hungary",0
"2017 Hungary",210
"2018 Hungary",0
"2019 Hungary",1150
"2020 Hungary",0
"2021 Hungary",120
"2022 Hungary",0
"2005 Japan",0
"2006 Japan",110
"2007 Japan",0
"2008 Japan",0
"2009 Japan",0
"2010 Japan",0
"2011 Japan",1410
"2012 Japan",0
"2013 Japan",160
"2014 Japan",0
"2015 Japan",1340
"2016 Japan",1170
"2017 Japan",4660
"2018 Japan",1170
"2019 Japan",110
"2020 Japan",820
"2021 Japan",1570
"2022 Japan",0
"2005 Greece",0
"2006 Greece",0
"2007 Greece",0
"2008 Greece",5790
"2009 Greece",0
"2010 Greece",130
"2011 Greece",120
"2012 Greece",0
"2013 Greece",0
"2014 Greece",0
"2015 Greece",0
"2016 Greece",870
"2017 Greece",2200
"2018 Greece",340
"2019 Greece",690
"2020 Greece",0
"2021 Greece",110
"2022 Greece",0
"2005 Egypt",0
"2006 Egypt",940
"2007 Egypt",150
"2008 Egypt",590
"2009 Egypt",280
"2010 Egypt",1990
"2011 Egypt",440
"2012 Egypt",550
"2013 Egypt",3330
"2014 Egypt",370
"2015 Egypt",790
"2016 Egypt",1970
"2017 Egypt",3630
"2018 Egypt",4350
"2019 Egypt",1690
"2020 Egypt",670
"2021 Egypt",3050
"2022 Egypt",0
"2005 Denmark",0
"2006 Denmark",0
"2007 Denmark",0
"2008 Denmark",0
"2009 Denmark",0
"2010 Denmark",0
"2011 Denmark",0
"2012 Denmark",0
"2013 Denmark",700
"2014 Denmark",0
"2015 Denmark",0
"2016 Denmark",0
"2017 Denmark",730
"2018 Denmark",0
"2019 Denmark",0
"2020 Denmark",0
"2021 Denmark",990
"2022 Denmark",0
"2005 Ethiopia",0
"2006 Ethiopia",2660
"2007 Ethiopia",150
"2008 Ethiopia",120
"2009 Ethiopia",3480
"2010 Ethiopia",640
"2011 Ethiopia",1000
"2012 Ethiopia",1800
"2013 Ethiopia",5740
"2014 Ethiopia",2100
"2015 Ethiopia",1150
"2016 Ethiopia",2970
"2017 Ethiopia",940
"2018 Ethiopia",840
"2019 Ethiopia",910
"2020 Ethiopia",230
"2021 Ethiopia",600
"2022 Ethiopia",0
"2005 Turkmenistan",0
"2006 Turkmenistan",0
"2007 Turkmenistan",150
"2008 Turkmenistan",0
"2009 Turkmenistan",3130
"2010 Turkmenistan",0
"2011 Turkmenistan",0
"2012 Turkmenistan",2920
"2013 Turkmenistan",0
"2014 Turkmenistan",600
"2015 Turkmenistan",0
"2016 Turkmenistan",0
"2017 Turkmenistan",0
"2018 Turkmenistan",0
"2019 Turkmenistan",0
"2020 Turkmenistan",0
"2021 Turkmenistan",7070
"2022 Turkmenistan",0
"2005 Colombia",0
"2006 Colombia",430
"2007 Colombia",0
"2008 Colombia",0
"2009 Colombia",0
"2010 Colombia",0
"2011 Colombia",240
"2012 Colombia",980
"2013 Colombia",0
"2014 Colombia",0
"2015 Colombia",260
"2016 Colombia",0
"2017 Colombia",0
"2018 Colombia",230
"2019 Colombia",0
"2020 Colombia",890
"2021 Colombia",3790
"2022 Colombia",0
"2005 Jordan",0
"2006 Jordan",0
"2007 Jordan",100
"2008 Jordan",140
"2009 Jordan",0
"2010 Jordan",0
"2011 Jordan",0
"2012 Jordan",0
"2013 Jordan",1970
"2014 Jordan",1600
"2015 Jordan",350
"2016 Jordan",1300
"2017 Jordan",380
"2018 Jordan",500
"2019 Jordan",0
"2020 Jordan",0
"2021 Jordan",160
"2022 Jordan",0
"2005 Senegal",0
"2006 Senegal",0
"2007 Senegal",0
"2008 Senegal",0
"2009 Senegal",140
"2010 Senegal",0
"2011 Senegal",0
"2012 Senegal",350
"2013 Senegal",0
"2014 Senegal",0
"2015 Senegal",1830
"2016 Senegal",700
"2017 Senegal",1080
"2018 Senegal",470
"2019 Senegal",100
"2020 Senegal",300
"2021 Senegal",110
"2022 Senegal",0
"2005 Slovakia",0
"2006 Slovakia",0
"2007 Slovakia",0
"2008 Slovakia",0
"2009 Slovakia",0
"2010 Slovakia",0
"2011 Slovakia",0
"2012 Slovakia",0
"2013 Slovakia",0
"2014 Slovakia",0
"2015 Slovakia",0
"2016 Slovakia",0
"2017 Slovakia",0
"2018 Slovakia",0
"2019 Slovakia",0
"2020 Slovakia",0
"2021 Slovakia",130
"2022 Slovakia",0
"2005 Zambia",0
"2006 Zambia",310
"2007 Zambia",0
"2008 Zambia",280
"2009 Zambia",1370
"2010 Zambia",420
"2011 Zambia",770
"2012 Zambia",1730
"2013 Zambia",550
"2014 Zambia",660
"2015 Zambia",3810
"2016 Zambia",700
"2017 Zambia",2520
"2018 Zambia",1360
"2019 Zambia",450
"2020 Zambia",1650
"2021 Zambia",150
"2022 Zambia",0
"2005 Mali",0
"2006 Mali",0
"2007 Mali",0
"2008 Mali",0
"2009 Mali",260
"2010 Mali",0
"2011 Mali",0
"2012 Mali",0
"2013 Mali",430
"2014 Mali",0
"2015 Mali",1690
"2016 Mali",0
"2017 Mali",0
"2018 Mali",0
"2019 Mali",0
"2020 Mali",0
"2021 Mali",130
"2022 Mali",0
"2005 Uruguay",0
"2006 Uruguay",0
"2007 Uruguay",0
"2008 Uruguay",0
"2009 Uruguay",0
"2010 Uruguay",0
"2011 Uruguay",0
"2012 Uruguay",0
"2013 Uruguay",0
"2014 Uruguay",0
"2015 Uruguay",0
"2016 Uruguay",0
"2017 Uruguay",0
"2018 Uruguay",0
"2019 Uruguay",0
"2020 Uruguay",0
"2021 Uruguay",180
"2022 Uruguay",0
"2005 Netherlands",0
"2006 Netherlands",100
"2007 Netherlands",140
"2008 Netherlands",1240
"2009 Netherlands",0
"2010 Netherlands",270
"2011 Netherlands",270
"2012 Netherlands",0
"2013 Netherlands",470
"2014 Netherlands",2040
"2015 Netherlands",3470
"2016 Netherlands",4890
"2017 Netherlands",390
"2018 Netherlands",2430
"2019 Netherlands",590
"2020 Netherlands",890
"2021 Netherlands",4380
"2022 Netherlands",0
"2005 Sri Lanka",0
"2006 Sri Lanka",460
"2007 Sri Lanka",510
"2008 Sri Lanka",290
"2009 Sri Lanka",1100
"2010 Sri Lanka",600
"2011 Sri Lanka",1410
"2012 Sri Lanka",500
"2013 Sri Lanka",2030
"2014 Sri Lanka",2350
"2015 Sri Lanka",510
"2016 Sri Lanka",600
"2017 Sri Lanka",100
"2018 Sri Lanka",1120
"2019 Sri Lanka",390
"2020 Sri Lanka",1730
"2021 Sri Lanka",240
"2022 Sri Lanka",0
"2005 Gabon",0
"2006 Gabon",0
"2007 Gabon",0
"2008 Gabon",600
"2009 Gabon",140
"2010 Gabon",0
"2011 Gabon",0
"2012 Gabon",660
"2013 Gabon",120
"2014 Gabon",0
"2015 Gabon",100
"2016 Gabon",0
"2017 Gabon",0
"2018 Gabon",200
"2019 Gabon",0
"2020 Gabon",0
"2021 Gabon",140
"2022 Gabon",0
"2005 Georgia",0
"2006 Georgia",0
"2007 Georgia",0
"2008 Georgia",200
"2009 Georgia",0
"2010 Georgia",100
"2011 Georgia",340
"2012 Georgia",400
"2013 Georgia",0
"2014 Georgia",0
"2015 Georgia",100
"2016 Georgia",160
"2017 Georgia",250
"2018 Georgia",0
"2019 Georgia",120
"2020 Georgia",310
"2021 Georgia",0
"2022 Georgia",0
"2005 Portugal",0
"2006 Portugal",0
"2007 Portugal",0
"2008 Portugal",0
"2009 Portugal",0
"2010 Portugal",0
"2011 Portugal",3510
"2012 Portugal",980
"2013 Portugal",100
"2014 Portugal",3090
"2015 Portugal",590
"2016 Portugal",180
"2017 Portugal",570
"2018 Portugal",0
"2019 Portugal",0
"2020 Portugal",460
"2021 Portugal",0
"2022 Portugal",0
"2005 Ivory Coast",0
"2006 Ivory Coast",0
"2007 Ivory Coast",0
"2008 Ivory Coast",0
"2009 Ivory Coast",0
"2010 Ivory Coast",0
"2011 Ivory Coast",0
"2012 Ivory Coast",120
"2013 Ivory Coast",1500
"2014 Ivory Coast",0
"2015 Ivory Coast",0
"2016 Ivory Coast",410
"2017 Ivory Coast",0
"2018 Ivory Coast",1790
"2019 Ivory Coast",660
"2020 Ivory Coast",540
"2021 Ivory Coast",0
"2022 Ivory Coast",0
"2005 Belgium",0
"2006 Belgium",0
"2007 Belgium",2700
"2008 Belgium",0
"2009 Belgium",0
"2010 Belgium",0
"2011 Belgium",0
"2012 Belgium",260
"2013 Belgium",0
"2014 Belgium",710
"2015 Belgium",290
"2016 Belgium",0
"2017 Belgium",220
"2018 Belgium",0
"2019 Belgium",350
"2020 Belgium",120
"2021 Belgium",0
"2022 Belgium",0
"2005 Italy",0
"2006 Italy",0
"2007 Italy",0
"2008 Italy",250
"2009 Italy",0
"2010 Italy",1170
"2011 Italy",130
"2012 Italy",700
"2013 Italy",1300
"2014 Italy",7860
"2015 Italy",10580
"2016 Italy",1710
"2017 Italy",890
"2018 Italy",910
"2019 Italy",1250
"2020 Italy",580
"2021 Italy",0
"2022 Italy",0
"2005 Djibouti",0
"2006 Djibouti",0
"2007 Djibouti",0
"2008 Djibouti",0
"2009 Djibouti",0
"2010 Djibouti",0
"2011 Djibouti",420
"2012 Djibouti",700
"2013 Djibouti",0
"2014 Djibouti",0
"2015 Djibouti",600
"2016 Djibouti",0
"2017 Djibouti",0
"2018 Djibouti",370
"2019 Djibouti",0
"2020 Djibouti",510
"2021 Djibouti",0
"2022 Djibouti",0
"2005 Switzerland",0
"2006 Switzerland",0
"2007 Switzerland",0
"2008 Switzerland",0
"2009 Switzerland",7200
"2010 Switzerland",0
"2011 Switzerland",100
"2012 Switzerland",870
"2013 Switzerland",0
"2014 Switzerland",400
"2015 Switzerland",4360
"2016 Switzerland",2410
"2017 Switzerland",45370
"2018 Switzerland",190
"2019 Switzerland",0
"2020 Switzerland",310
"2021 Switzerland",0
"2022 Switzerland",0
"2005 New Zealand",0
"2006 New Zealand",0
"2007 New Zealand",0
"2008 New Zealand",0
"2009 New Zealand",0
"2010 New Zealand",0
"2011 New Zealand",0
"2012 New Zealand",1170
"2013 New Zealand",180
"2014 New Zealand",1110
"2015 New Zealand",200
"2016 New Zealand",330
"2017 New Zealand",280
"2018 New Zealand",170
"2019 New Zealand",400
"2020 New Zealand",250
"2021 New Zealand",0
"2022 New Zealand",0
"2005 Oman",150
"2006 Oman",0
"2007 Oman",0
"2008 Oman",160
"2009 Oman",720
"2010 Oman",0
"2011 Oman",0
"2012 Oman",0
"2013 Oman",0
"2014 Oman",0
"2015 Oman",300
"2016 Oman",2630
"2017 Oman",1040
"2018 Oman",320
"2019 Oman",970
"2020 Oman",1130
"2021 Oman",0
"2022 Oman",0
"2005 Belarus",0
"2006 Belarus",0
"2007 Belarus",620
"2008 Belarus",330
"2009 Belarus",0
"2010 Belarus",1250
"2011 Belarus",860
"2012 Belarus",400
"2013 Belarus",0
"2014 Belarus",340
"2015 Belarus",600
"2016 Belarus",460
"2017 Belarus",0
"2018 Belarus",100
"2019 Belarus",0
"2020 Belarus",1380
"2021 Belarus",0
"2022 Belarus",0
"2005 Poland",0
"2006 Poland",0
"2007 Poland",0
"2008 Poland",0
"2009 Poland",0
"2010 Poland",0
"2011 Poland",0
"2012 Poland",100
"2013 Poland",750
"2014 Poland",200
"2015 Poland",340
"2016 Poland",140
"2017 Poland",360
"2018 Poland",0
"2019 Poland",290
"2020 Poland",630
"2021 Poland",0
"2022 Poland",0
"2005 Trinidad-Tobago",0
"2006 Trinidad-Tobago",0
"2007 Trinidad-Tobago",0
"2008 Trinidad-Tobago",180
"2009 Trinidad-Tobago",320
"2010 Trinidad-Tobago",0
"2011 Trinidad-Tobago",850
"2012 Trinidad-Tobago",0
"2013 Trinidad-Tobago",0
"2014 Trinidad-Tobago",100
"2015 Trinidad-Tobago",230
"2016 Trinidad-Tobago",0
"2017 Trinidad-Tobago",0
"2018 Trinidad-Tobago",320
"2019 Trinidad-Tobago",160
"2020 Trinidad-Tobago",120
"2021 Trinidad-Tobago",0
"2022 Trinidad-Tobago",0
"2005 Panama",0
"2006 Panama",0
"2007 Panama",0
"2008 Panama",0
"2009 Panama",0
"2010 Panama",0
"2011 Panama",0
"2012 Panama",0
"2013 Panama",0
"2014 Panama",0
"2015 Panama",140
"2016 Panama",500
"2017 Panama",100
"2018 Panama",1650
"2019 Panama",0
"2020 Panama",110
"2021 Panama",0
"2022 Panama",0
"2005 Norway",0
"2006 Norway",0
"2007 Norway",0
"2008 Norway",2490
"2009 Norway",180
"2010 Norway",380
"2011 Norway",2010
"2012 Norway",0
"2013 Norway",130
"2014 Norway",640
"2015 Norway",0
"2016 Norway",720
"2017 Norway",0
"2018 Norway",630
"2019 Norway",0
"2020 Norway",290
"2021 Norway",0
"2022 Norway",0
"2005 Ukraine",0
"2006 Ukraine",0
"2007 Ukraine",0
"2008 Ukraine",210
"2009 Ukraine",0
"2010 Ukraine",0
"2011 Ukraine",4060
"2012 Ukraine",0
"2013 Ukraine",250
"2014 Ukraine",0
"2015 Ukraine",0
"2016 Ukraine",180
"2017 Ukraine",100
"2018 Ukraine",1350
"2019 Ukraine",1260
"2020 Ukraine",240
"2021 Ukraine",0
"2022 Ukraine",0
"2005 Namibia",0
"2006 Namibia",0
"2007 Namibia",0
"2008 Namibia",0
"2009 Namibia",0
"2010 Namibia",0
"2011 Namibia",0
"2012 Namibia",0
"2013 Namibia",300
"2014 Namibia",2470
"2015 Namibia",270
"2016 Namibia",0
"2017 Namibia",0
"2018 Namibia",0
"2019 Namibia",110
"2020 Namibia",100
"2021 Namibia",0
"2022 Namibia",0
"2005 Cyprus",0
"2006 Cyprus",0
"2007 Cyprus",0
"2008 Cyprus",130
"2009 Cyprus",0
"2010 Cyprus",0
"2011 Cyprus",0
"2012 Cyprus",0
"2013 Cyprus",0
"2014 Cyprus",0
"2015 Cyprus",0
"2016 Cyprus",0
"2017 Cyprus",0
"2018 Cyprus",0
"2019 Cyprus",170
"2020 Cyprus",0
"2021 Cyprus",0
"2022 Cyprus",0
"2005 Bahrain",0
"2006 Bahrain",0
"2007 Bahrain",0
"2008 Bahrain",0
"2009 Bahrain",0
"2010 Bahrain",0
"2011 Bahrain",0
"2012 Bahrain",0
"2013 Bahrain",0
"2014 Bahrain",0
"2015 Bahrain",0
"2016 Bahrain",0
"2017 Bahrain",0
"2018 Bahrain",0
"2019 Bahrain",1420
"2020 Bahrain",0
"2021 Bahrain",0
"2022 Bahrain",0
"2005 Solomon Islands",0
"2006 Solomon Islands",0
"2007 Solomon Islands",0
"2008 Solomon Islands",0
"2009 Solomon Islands",0
"2010 Solomon Islands",0
"2011 Solomon Islands",0
"2012 Solomon Islands",0
"2013 Solomon Islands",0
"2014 Solomon Islands",0
"2015 Solomon Islands",0
"2016 Solomon Islands",0
"2017 Solomon Islands",0
"2018 Solomon Islands",0
"2019 Solomon Islands",200
"2020 Solomon Islands",0
"2021 Solomon Islands",0
"2022 Solomon Islands",0
"2005 Azerbaijan",0
"2006 Azerbaijan",0
"2007 Azerbaijan",210
"2008 Azerbaijan",440
"2009 Azerbaijan",0
"2010 Azerbaijan",0
"2011 Azerbaijan",100
"2012 Azerbaijan",0
"2013 Azerbaijan",0
"2014 Azerbaijan",0
"2015 Azerbaijan",0
"2016 Azerbaijan",0
"2017 Azerbaijan",0
"2018 Azerbaijan",1170
"2019 Azerbaijan",270
"2020 Azerbaijan",0
"2021 Azerbaijan",0
"2022 Azerbaijan",0
"2005 Iran",900
"2006 Iran",3150
"2007 Iran",2330
"2008 Iran",200
"2009 Iran",1760
"2010 Iran",1790
"2011 Iran",1900
"2012 Iran",1940
"2013 Iran",710
"2014 Iran",1010
"2015 Iran",500
"2016 Iran",3360
"2017 Iran",3390
"2018 Iran",2080
"2019 Iran",1540
"2020 Iran",0
"2021 Iran",0
"2022 Iran",0
"2005 Taiwan",0
"2006 Taiwan",0
"2007 Taiwan",0
"2008 Taiwan",0
"2009 Taiwan",0
"2010 Taiwan",0
"2011 Taiwan",0
"2012 Taiwan",140
"2013 Taiwan",0
"2014 Taiwan",0
"2015 Taiwan",0
"2016 Taiwan",0
"2017 Taiwan",0
"2018 Taiwan",240
"2019 Taiwan",840
"2020 Taiwan",0
"2021 Taiwan",0
"2022 Taiwan",0
"2005 Moldova",0
"2006 Moldova",0
"2007 Moldova",0
"2008 Moldova",0
"2009 Moldova",0
"2010 Moldova",0
"2011 Moldova",0
"2012 Moldova",0
"2013 Moldova",0
"2014 Moldova",0
"2015 Moldova",0
"2016 Moldova",0
"2017 Moldova",0
"2018 Moldova",350
"2019 Moldova",210
"2020 Moldova",0
"2021 Moldova",0
"2022 Moldova",0
"2005 Madagascar",0
"2006 Madagascar",0
"2007 Madagascar",0
"2008 Madagascar",0
"2009 Madagascar",140
"2010 Madagascar",0
"2011 Madagascar",150
"2012 Madagascar",0
"2013 Madagascar",0
"2014 Madagascar",0
"2015 Madagascar",140
"2016 Madagascar",270
"2017 Madagascar",0
"2018 Madagascar",0
"2019 Madagascar",1380
"2020 Madagascar",0
"2021 Madagascar",0
"2022 Madagascar",0
"2005 Fiji",0
"2006 Fiji",0
"2007 Fiji",0
"2008 Fiji",0
"2009 Fiji",150
"2010 Fiji",0
"2011 Fiji",0
"2012 Fiji",0
"2013 Fiji",0
"2014 Fiji",120
"2015 Fiji",0
"2016 Fiji",0
"2017 Fiji",0
"2018 Fiji",0
"2019 Fiji",130
"2020 Fiji",0
"2021 Fiji",0
"2022 Fiji",0
"2005 Bulgaria",0
"2006 Bulgaria",0
"2007 Bulgaria",0
"2008 Bulgaria",0
"2009 Bulgaria",120
"2010 Bulgaria",0
"2011 Bulgaria",0
"2012 Bulgaria",210
"2013 Bulgaria",0
"2014 Bulgaria",0
"2015 Bulgaria",0
"2016 Bulgaria",0
"2017 Bulgaria",0
"2018 Bulgaria",0
"2019 Bulgaria",130
"2020 Bulgaria",0
"2021 Bulgaria",0
"2022 Bulgaria",0
"2005 Macedonia",0
"2006 Macedonia",0
"2007 Macedonia",0
"2008 Macedonia",0
"2009 Macedonia",0
"2010 Macedonia",0
"2011 Macedonia",0
"2012 Macedonia",0
"2013 Macedonia",370
"2014 Macedonia",120
"2015 Macedonia",0
"2016 Macedonia",0
"2017 Macedonia",0
"2018 Macedonia",0
"2019 Macedonia",160
"2020 Macedonia",0
"2021 Macedonia",0
"2022 Macedonia",0
"2005 Lesotho",0
"2006 Lesotho",0
"2007 Lesotho",0
"2008 Lesotho",0
"2009 Lesotho",0
"2010 Lesotho",0
"2011 Lesotho",0
"2012 Lesotho",0
"2013 Lesotho",0
"2014 Lesotho",0
"2015 Lesotho",0
"2016 Lesotho",0
"2017 Lesotho",0
"2018 Lesotho",100
"2019 Lesotho",0
"2020 Lesotho",0
"2021 Lesotho",0
"2022 Lesotho",0
"2005 Cuba",500
"2006 Cuba",0
"2007 Cuba",0
"2008 Cuba",0
"2009 Cuba",0
"2010 Cuba",0
"2011 Cuba",0
"2012 Cuba",0
"2013 Cuba",0
"2014 Cuba",100
"2015 Cuba",0
"2016 Cuba",0
"2017 Cuba",0
"2018 Cuba",140
"2019 Cuba",0
"2020 Cuba",0
"2021 Cuba",0
"2022 Cuba",0
"2005 Bolivia",0
"2006 Bolivia",0
"2007 Bolivia",0
"2008 Bolivia",0
"2009 Bolivia",0
"2010 Bolivia",0
"2011 Bolivia",0
"2012 Bolivia",170
"2013 Bolivia",400
"2014 Bolivia",930
"2015 Bolivia",430
"2016 Bolivia",1720
"2017 Bolivia",470
"2018 Bolivia",940
"2019 Bolivia",0
"2020 Bolivia",0
"2021 Bolivia",0
"2022 Bolivia",0
"2005 Croatia",0
"2006 Croatia",0
"2007 Croatia",0
"2008 Croatia",0
"2009 Croatia",0
"2010 Croatia",0
"2011 Croatia",0
"2012 Croatia",0
"2013 Croatia",0
"2014 Croatia",130
"2015 Croatia",0
"2016 Croatia",0
"2017 Croatia",0
"2018 Croatia",560
"2019 Croatia",0
"2020 Croatia",0
"2021 Croatia",0
"2022 Croatia",0
"2005 Timor-Leste",0
"2006 Timor-Leste",0
"2007 Timor-Leste",0
"2008 Timor-Leste",0
"2009 Timor-Leste",0
"2010 Timor-Leste",0
"2011 Timor-Leste",0
"2012 Timor-Leste",0
"2013 Timor-Leste",0
"2014 Timor-Leste",0
"2015 Timor-Leste",290
"2016 Timor-Leste",0
"2017 Timor-Leste",0
"2018 Timor-Leste",490
"2019 Timor-Leste",0
"2020 Timor-Leste",0
"2021 Timor-Leste",0
"2022 Timor-Leste",0
"2005 Venezuela",1190
"2006 Venezuela",0
"2007 Venezuela",110
"2008 Venezuela",140
"2009 Venezuela",310
"2010 Venezuela",3410
"2011 Venezuela",2830
"2012 Venezuela",2240
"2013 Venezuela",1400
"2014 Venezuela",2820
"2015 Venezuela",1500
"2016 Venezuela",1590
"2017 Venezuela",0
"2018 Venezuela",610
"2019 Venezuela",0
"2020 Venezuela",0
"2021 Venezuela",0
"2022 Venezuela",0
"2005 Sierra Leone",0
"2006 Sierra Leone",0
"2007 Sierra Leone",0
"2008 Sierra Leone",0
"2009 Sierra Leone",0
"2010 Sierra Leone",370
"2011 Sierra Leone",1980
"2012 Sierra Leone",0
"2013 Sierra Leone",1700
"2014 Sierra Leone",710
"2015 Sierra Leone",770
"2016 Sierra Leone",160
"2017 Sierra Leone",0
"2018 Sierra Leone",300
"2019 Sierra Leone",0
"2020 Sierra Leone",0
"2021 Sierra Leone",0
"2022 Sierra Leone",0
"2005 Luxembourg",0
"2006 Luxembourg",0
"2007 Luxembourg",0
"2008 Luxembourg",0
"2009 Luxembourg",0
"2010 Luxembourg",0
"2011 Luxembourg",0
"2012 Luxembourg",0
"2013 Luxembourg",220
"2014 Luxembourg",0
"2015 Luxembourg",130
"2016 Luxembourg",2100
"2017 Luxembourg",1760
"2018 Luxembourg",470
"2019 Luxembourg",0
"2020 Luxembourg",0
"2021 Luxembourg",0
"2022 Luxembourg",0
"2005 Czech Republic",0
"2006 Czech Republic",0
"2007 Czech Republic",0
"2008 Czech Republic",0
"2009 Czech Republic",100
"2010 Czech Republic",0
"2011 Czech Republic",0
"2012 Czech Republic",0
"2013 Czech Republic",0
"2014 Czech Republic",0
"2015 Czech Republic",200
"2016 Czech Republic",310
"2017 Czech Republic",0
"2018 Czech Republic",350
"2019 Czech Republic",0
"2020 Czech Republic",0
"2021 Czech Republic",0
"2022 Czech Republic",0
"2005 Slovenia",0
"2006 Slovenia",0
"2007 Slovenia",0
"2008 Slovenia",0
"2009 Slovenia",0
"2010 Slovenia",0
"2011 Slovenia",0
"2012 Slovenia",0
"2013 Slovenia",0
"2014 Slovenia",0
"2015 Slovenia",0
"2016 Slovenia",0
"2017 Slovenia",1840
"2018 Slovenia",340
"2019 Slovenia",0
"2020 Slovenia",0
"2021 Slovenia",0
"2022 Slovenia",0
"2005 Costa Rica",0
"2006 Costa Rica",0
"2007 Costa Rica",0
"2008 Costa Rica",0
"2009 Costa Rica",240
"2010 Costa Rica",0
"2011 Costa Rica",100
"2012 Costa Rica",0
"2013 Costa Rica",0
"2014 Costa Rica",0
"2015 Costa Rica",0
"2016 Costa Rica",0
"2017 Costa Rica",0
"2018 Costa Rica",470
"2019 Costa Rica",0
"2020 Costa Rica",0
"2021 Costa Rica",0
"2022 Costa Rica",0
"2005 Maldives",0
"2006 Maldives",0
"2007 Maldives",0
"2008 Maldives",0
"2009 Maldives",0
"2010 Maldives",0
"2011 Maldives",0
"2012 Maldives",0
"2013 Maldives",0
"2014 Maldives",400
"2015 Maldives",330
"2016 Maldives",150
"2017 Maldives",240
"2018 Maldives",110
"2019 Maldives",0
"2020 Maldives",0
"2021 Maldives",0
"2022 Maldives",0
"2005 Botswana",0
"2006 Botswana",170
"2007 Botswana",0
"2008 Botswana",0
"2009 Botswana",1070
"2010 Botswana",200
"2011 Botswana",0
"2012 Botswana",0
"2013 Botswana",0
"2014 Botswana",0
"2015 Botswana",0
"2016 Botswana",0
"2017 Botswana",100
"2018 Botswana",100
"2019 Botswana",0
"2020 Botswana",0
"2021 Botswana",0
"2022 Botswana",0
"2005 Mauritius",0
"2006 Mauritius",0
"2007 Mauritius",0
"2008 Mauritius",0
"2009 Mauritius",740
"2010 Mauritius",0
"2011 Mauritius",410
"2012 Mauritius",0
"2013 Mauritius",0
"2014 Mauritius",0
"2015 Mauritius",0
"2016 Mauritius",0
"2017 Mauritius",0
"2018 Mauritius",320
"2019 Mauritius",0
"2020 Mauritius",0
"2021 Mauritius",0
"2022 Mauritius",0
"2005 Congo",0
"2006 Congo",160
"2007 Congo",0
"2008 Congo",2140
"2009 Congo",140
"2010 Congo",530
"2011 Congo",230
"2012 Congo",310
"2013 Congo",1920
"2014 Congo",2740
"2015 Congo",0
"2016 Congo",2600
"2017 Congo",0
"2018 Congo",220
"2019 Congo",0
"2020 Congo",0
"2021 Congo",0
"2022 Congo",0
"2005 South Sudan",0
"2006 South Sudan",0
"2007 South Sudan",0
"2008 South Sudan",0
"2009 South Sudan",0
"2010 South Sudan",0
"2011 South Sudan",0
"2012 South Sudan",1770
"2013 South Sudan",340
"2014 South Sudan",2200
"2015 South Sudan",380
"2016 South Sudan",0
"2017 South Sudan",0
"2018 South Sudan",210
"2019 South Sudan",0
"2020 South Sudan",0
"2021 South Sudan",0
"2022 South Sudan",0
"2005 Montenegro",0
"2006 Montenegro",0
"2007 Montenegro",0
"2008 Montenegro",0
"2009 Montenegro",0
"2010 Montenegro",0
"2011 Montenegro",0
"2012 Montenegro",0
"2013 Montenegro",0
"2014 Montenegro",1020
"2015 Montenegro",0
"2016 Montenegro",0
"2017 Montenegro",100
"2018 Montenegro",0
"2019 Montenegro",0
"2020 Montenegro",0
"2021 Montenegro",0
"2022 Montenegro",0
"2005 Samoa",0
"2006 Samoa",0
"2007 Samoa",0
"2008 Samoa",0
"2009 Samoa",0
"2010 Samoa",0
"2011 Samoa",0
"2012 Samoa",0
"2013 Samoa",0
"2014 Samoa",0
"2015 Samoa",0
"2016 Samoa",0
"2017 Samoa",110
"2018 Samoa",0
"2019 Samoa",0
"2020 Samoa",0
"2021 Samoa",0
"2022 Samoa",0
"2005 Mozambique",0
"2006 Mozambique",0
"2007 Mozambique",0
"2008 Mozambique",150
"2009 Mozambique",0
"2010 Mozambique",0
"2011 Mozambique",720
"2012 Mozambique",1960
"2013 Mozambique",4930
"2014 Mozambique",610
"2015 Mozambique",720
"2016 Mozambique",0
"2017 Mozambique",1320
"2018 Mozambique",0
"2019 Mozambique",0
"2020 Mozambique",0
"2021 Mozambique",0
"2022 Mozambique",0
"2005 Liberia",0
"2006 Liberia",0
"2007 Liberia",0
"2008 Liberia",110
"2009 Liberia",0
"2010 Liberia",0
"2011 Liberia",0
"2012 Liberia",170
"2013 Liberia",0
"2014 Liberia",160
"2015 Liberia",0
"2016 Liberia",0
"2017 Liberia",250
"2018 Liberia",0
"2019 Liberia",0
"2020 Liberia",0
"2021 Liberia",0
"2022 Liberia",0
"2005 Austria",0
"2006 Austria",0
"2007 Austria",0
"2008 Austria",0
"2009 Austria",140
"2010 Austria",0
"2011 Austria",140
"2012 Austria",0
"2013 Austria",0
"2014 Austria",0
"2015 Austria",0
"2016 Austria",0
"2017 Austria",230
"2018 Austria",0
"2019 Austria",0
"2020 Austria",0
"2021 Austria",0
"2022 Austria",0
"2005 Barbados",0
"2006 Barbados",0
"2007 Barbados",0
"2008 Barbados",0
"2009 Barbados",0
"2010 Barbados",0
"2011 Barbados",0
"2012 Barbados",0
"2013 Barbados",0
"2014 Barbados",0
"2015 Barbados",170
"2016 Barbados",0
"2017 Barbados",320
"2018 Barbados",0
"2019 Barbados",0
"2020 Barbados",0
"2021 Barbados",0
"2022 Barbados",0
"2005 Chad",0
"2006 Chad",480
"2007 Chad",200
"2008 Chad",0
"2009 Chad",470
"2010 Chad",0
"2011 Chad",7060
"2012 Chad",0
"2013 Chad",0
"2014 Chad",130
"2015 Chad",0
"2016 Chad",110
"2017 Chad",310
"2018 Chad",0
"2019 Chad",0
"2020 Chad",0
"2021 Chad",0
"2022 Chad",0
"2005 Guinea-Bissau",0
"2006 Guinea-Bissau",0
"2007 Guinea-Bissau",0
"2008 Guinea-Bissau",0
"2009 Guinea-Bissau",0
"2010 Guinea-Bissau",0
"2011 Guinea-Bissau",0
"2012 Guinea-Bissau",0
"2013 Guinea-Bissau",0
"2014 Guinea-Bissau",280
"2015 Guinea-Bissau",0
"2016 Guinea-Bissau",0
"2017 Guinea-Bissau",170
"2018 Guinea-Bissau",0
"2019 Guinea-Bissau",0
"2020 Guinea-Bissau",0
"2021 Guinea-Bissau",0
"2022 Guinea-Bissau",0
"2005 Afghanistan",0
"2006 Afghanistan",0
"2007 Afghanistan",2870
"2008 Afghanistan",0
"2009 Afghanistan",0
"2010 Afghanistan",0
"2011 Afghanistan",400
"2012 Afghanistan",0
"2013 Afghanistan",0
"2014 Afghanistan",0
"2015 Afghanistan",0
"2016 Afghanistan",0
"2017 Afghanistan",210
"2018 Afghanistan",0
"2019 Afghanistan",0
"2020 Afghanistan",0
"2021 Afghanistan",0
"2022 Afghanistan",0
"2005 Cape Verde",0
"2006 Cape Verde",0
"2007 Cape Verde",0
"2008 Cape Verde",0
"2009 Cape Verde",0
"2010 Cape Verde",0
"2011 Cape Verde",0
"2012 Cape Verde",0
"2013 Cape Verde",0
"2014 Cape Verde",0
"2015 Cape Verde",0
"2016 Cape Verde",130
"2017 Cape Verde",0
"2018 Cape Verde",0
"2019 Cape Verde",0
"2020 Cape Verde",0
"2021 Cape Verde",0
"2022 Cape Verde",0
"2005 Latvia",0
"2006 Latvia",0
"2007 Latvia",0
"2008 Latvia",0
"2009 Latvia",0
"2010 Latvia",0
"2011 Latvia",0
"2012 Latvia",0
"2013 Latvia",0
"2014 Latvia",0
"2015 Latvia",0
"2016 Latvia",110
"2017 Latvia",0
"2018 Latvia",0
"2019 Latvia",0
"2020 Latvia",0
"2021 Latvia",0
"2022 Latvia",0
"2005 Malawi",0
"2006 Malawi",0
"2007 Malawi",0
"2008 Malawi",0
"2009 Malawi",0
"2010 Malawi",0
"2011 Malawi",0
"2012 Malawi",0
"2013 Malawi",0
"2014 Malawi",0
"2015 Malawi",210
"2016 Malawi",100
"2017 Malawi",0
"2018 Malawi",0
"2019 Malawi",0
"2020 Malawi",0
"2021 Malawi",0
"2022 Malawi",0
"2005 Sao Tome",0
"2006 Sao Tome",0
"2007 Sao Tome",0
"2008 Sao Tome",0
"2009 Sao Tome",0
"2010 Sao Tome",0
"2011 Sao Tome",0
"2012 Sao Tome",0
"2013 Sao Tome",150
"2014 Sao Tome",0
"2015 Sao Tome",800
"2016 Sao Tome",0
"2017 Sao Tome",0
"2018 Sao Tome",0
"2019 Sao Tome",0
"2020 Sao Tome",0
"2021 Sao Tome",0
"2022 Sao Tome",0
"2005 Brunei",0
"2006 Brunei",0
"2007 Brunei",0
"2008 Brunei",0
"2009 Brunei",0
"2010 Brunei",140
"2011 Brunei",0
"2012 Brunei",0
"2013 Brunei",0
"2014 Brunei",3440
"2015 Brunei",530
"2016 Brunei",0
"2017 Brunei",0
"2018 Brunei",0
"2019 Brunei",0
"2020 Brunei",0
"2021 Brunei",0
"2022 Brunei",0
"2005 Bahamas",0
"2006 Bahamas",0
"2007 Bahamas",0
"2008 Bahamas",0
"2009 Bahamas",100
"2010 Bahamas",0
"2011 Bahamas",0
"2012 Bahamas",0
"2013 Bahamas",0
"2014 Bahamas",0
"2015 Bahamas",250
"2016 Bahamas",0
"2017 Bahamas",0
"2018 Bahamas",0
"2019 Bahamas",0
"2020 Bahamas",0
"2021 Bahamas",0
"2022 Bahamas",0
"2005 Kyrgyzstan",0
"2006 Kyrgyzstan",0
"2007 Kyrgyzstan",0
"2008 Kyrgyzstan",0
"2009 Kyrgyzstan",0
"2010 Kyrgyzstan",0
"2011 Kyrgyzstan",390
"2012 Kyrgyzstan",0
"2013 Kyrgyzstan",0
"2014 Kyrgyzstan",3790
"2015 Kyrgyzstan",550
"2016 Kyrgyzstan",0
"2017 Kyrgyzstan",0
"2018 Kyrgyzstan",0
"2019 Kyrgyzstan",0
"2020 Kyrgyzstan",0
"2021 Kyrgyzstan",0
"2022 Kyrgyzstan",0
"2005 Antigua and Barbuda",0
"2006 Antigua and Barbuda",0
"2007 Antigua and Barbuda",0
"2008 Antigua and Barbuda",0
"2009 Antigua and Barbuda",0
"2010 Antigua and Barbuda",0
"2011 Antigua and Barbuda",0
"2012 Antigua and Barbuda",0
"2013 Antigua and Barbuda",0
"2014 Antigua and Barbuda",1000
"2015 Antigua and Barbuda",0
"2016 Antigua and Barbuda",0
"2017 Antigua and Barbuda",0
"2018 Antigua and Barbuda",0
"2019 Antigua and Barbuda",0
"2020 Antigua and Barbuda",0
"2021 Antigua and Barbuda",0
"2022 Antigua and Barbuda",0
"2005 Equatorial Guinea",0
"2006 Equatorial Guinea",0
"2007 Equatorial Guinea",650
"2008 Equatorial Guinea",0
"2009 Equatorial Guinea",240
"2010 Equatorial Guinea",320
"2011 Equatorial Guinea",0
"2012 Equatorial Guinea",0
"2013 Equatorial Guinea",1350
"2014 Equatorial Guinea",800
"2015 Equatorial Guinea",0
"2016 Equatorial Guinea",0
"2017 Equatorial Guinea",0
"2018 Equatorial Guinea",0
"2019 Equatorial Guinea",0
"2020 Equatorial Guinea",0
"2021 Equatorial Guinea",0
"2022 Equatorial Guinea",0
"2005 Romania",0
"2006 Romania",0
"2007 Romania",0
"2008 Romania",0
"2009 Romania",0
"2010 Romania",0
"2011 Romania",0
"2012 Romania",1300
"2013 Romania",540
"2014 Romania",270
"2015 Romania",0
"2016 Romania",0
"2017 Romania",0
"2018 Romania",0
"2019 Romania",0
"2020 Romania",0
"2021 Romania",0
"2022 Romania",0
"2005 Malta",0
"2006 Malta",0
"2007 Malta",0
"2008 Malta",0
"2009 Malta",0
"2010 Malta",0
"2011 Malta",0
"2012 Malta",0
"2013 Malta",0
"2014 Malta",440
"2015 Malta",0
"2016 Malta",0
"2017 Malta",0
"2018 Malta",0
"2019 Malta",0
"2020 Malta",0
"2021 Malta",0
"2022 Malta",0
"2005 Eritrea",0
"2006 Eritrea",0
"2007 Eritrea",0
"2008 Eritrea",0
"2009 Eritrea",0
"2010 Eritrea",0
"2011 Eritrea",0
"2012 Eritrea",0
"2013 Eritrea",0
"2014 Eritrea",500
"2015 Eritrea",0
"2016 Eritrea",0
"2017 Eritrea",0
"2018 Eritrea",0
"2019 Eritrea",0
"2020 Eritrea",0
"2021 Eritrea",0
"2022 Eritrea",0
"2005 Sudan",100
"2006 Sudan",0
"2007 Sudan",0
"2008 Sudan",610
"2009 Sudan",950
"2010 Sudan",2240
"2011 Sudan",470
"2012 Sudan",320
"2013 Sudan",700
"2014 Sudan",1450
"2015 Sudan",0
"2016 Sudan",0
"2017 Sudan",0
"2018 Sudan",0
"2019 Sudan",0
"2020 Sudan",0
"2021 Sudan",0
"2022 Sudan",0
"2005 Yemen",0
"2006 Yemen",480
"2007 Yemen",250
"2008 Yemen",470
"2009 Yemen",0
"2010 Yemen",0
"2011 Yemen",0
"2012 Yemen",0
"2013 Yemen",510
"2014 Yemen",0
"2015 Yemen",0
"2016 Yemen",0
"2017 Yemen",0
"2018 Yemen",0
"2019 Yemen",0
"2020 Yemen",0
"2021 Yemen",0
"2022 Yemen",0
"2005 Honduras",0
"2006 Honduras",0
"2007 Honduras",0
"2008 Honduras",0
"2009 Honduras",0
"2010 Honduras",0
"2011 Honduras",0
"2012 Honduras",0
"2013 Honduras",350
"2014 Honduras",0
"2015 Honduras",0
"2016 Honduras",0
"2017 Honduras",0
"2018 Honduras",0
"2019 Honduras",0
"2020 Honduras",0
"2021 Honduras",0
"2022 Honduras",0
"2005 Nicaragua",0
"2006 Nicaragua",0
"2007 Nicaragua",0
"2008 Nicaragua",0
"2009 Nicaragua",0
"2010 Nicaragua",0
"2011 Nicaragua",0
"2012 Nicaragua",530
"2013 Nicaragua",0
"2014 Nicaragua",0
"2015 Nicaragua",0
"2016 Nicaragua",0
"2017 Nicaragua",0
"2018 Nicaragua",0
"2019 Nicaragua",0
"2020 Nicaragua",0
"2021 Nicaragua",0
"2022 Nicaragua",0
"2005 Togo",0
"2006 Togo",0
"2007 Togo",0
"2008 Togo",0
"2009 Togo",390
"2010 Togo",0
"2011 Togo",150
"2012 Togo",190
"2013 Togo",0
"2014 Togo",0
"2015 Togo",0
"2016 Togo",0
"2017 Togo",0
"2018 Togo",0
"2019 Togo",0
"2020 Togo",0
"2021 Togo",0
"2022 Togo",0
"2005 North Korea",0
"2006 North Korea",0
"2007 North Korea",0
"2008 North Korea",0
"2009 North Korea",0
"2010 North Korea",0
"2011 North Korea",2000
"2012 North Korea",0
"2013 North Korea",0
"2014 North Korea",0
"2015 North Korea",0
"2016 North Korea",0
"2017 North Korea",0
"2018 North Korea",0
"2019 North Korea",0
"2020 North Korea",0
"2021 North Korea",0
"2022 North Korea",0
"2005 Syria",290
"2006 Syria",0
"2007 Syria",0
"2008 Syria",1990
"2009 Syria",0
"2010 Syria",1780
"2011 Syria",0
"2012 Syria",0
"2013 Syria",0
"2014 Syria",0
"2015 Syria",0
"2016 Syria",0
"2017 Syria",0
"2018 Syria",0
"2019 Syria",0
"2020 Syria",0
"2021 Syria",0
"2022 Syria",0
"2005 Mauritania",170
"2006 Mauritania",0
"2007 Mauritania",0
"2008 Mauritania",290
"2009 Mauritania",0
"2010 Mauritania",550
"2011 Mauritania",0
"2012 Mauritania",0
"2013 Mauritania",0
"2014 Mauritania",0
"2015 Mauritania",0
"2016 Mauritania",0
"2017 Mauritania",0
"2018 Mauritania",0
"2019 Mauritania",0
"2020 Mauritania",0
"2021 Mauritania",0
"2022 Mauritania",0
"2005 Guatemala",0
"2006 Guatemala",0
"2007 Guatemala",0
"2008 Guatemala",0
"2009 Guatemala",0
"2010 Guatemala",700
"2011 Guatemala",0
"2012 Guatemala",0
"2013 Guatemala",0
"2014 Guatemala",0
"2015 Guatemala",0
"2016 Guatemala",0
"2017 Guatemala",0
"2018 Guatemala",0
"2019 Guatemala",0
"2020 Guatemala",0
"2021 Guatemala",0
"2022 Guatemala",0
"2005 Tunisia",0
"2006 Tunisia",0
"2007 Tunisia",0
"2008 Tunisia",0
"2009 Tunisia",110
"2010 Tunisia",0
"2011 Tunisia",0
"2012 Tunisia",0
"2013 Tunisia",0
"2014 Tunisia",0
"2015 Tunisia",0
"2016 Tunisia",0
"2017 Tunisia",0
"2018 Tunisia",0
"2019 Tunisia",0
"2020 Tunisia",0
"2021 Tunisia",0
"2022 Tunisia",0
"2005 Libya",0
"2006 Libya",0
"2007 Libya",0
"2008 Libya",2600
"2009 Libya",0
"2010 Libya",0
"2011 Libya",0
"2012 Libya",0
"2013 Libya",0
"2014 Libya",0
"2015 Libya",0
"2016 Libya",0
"2017 Libya",0
"2018 Libya",0
"2019 Libya",0
"2020 Libya",0
"2021 Libya",0
"2022 Libya",0
